file,line,type,commit,author,date,time,timezone,datetime,depth,length
style.css,1,css,5cb4db7a,Shaily-28,2025-10-13,16:42:11,-07:00,2025-10-13T16:42:11-07:00,0,32
style.css,2,css,5cb4db7a,Shaily-28,2025-10-13,16:42:11,-07:00,2025-10-13T16:42:11-07:00,0,5
style.css,3,css,5cb4db7a,Shaily-28,2025-10-13,16:42:11,-07:00,2025-10-13T16:42:11-07:00,1,11
style.css,4,css,5cb4db7a,Shaily-28,2025-10-13,16:42:11,-07:00,2025-10-13T16:42:11-07:00,1,15
style.css,5,css,5cb4db7a,Shaily-28,2025-10-13,16:42:11,-07:00,2025-10-13T16:42:11-07:00,1,56
style.css,6,css,5cb4db7a,Shaily-28,2025-10-13,16:42:11,-07:00,2025-10-13T16:42:11-07:00,0,0
style.css,7,css,5cb4db7a,Shaily-28,2025-10-13,16:42:11,-07:00,2025-10-13T16:42:11-07:00,0,47
style.css,8,css,5cb4db7a,Shaily-28,2025-10-13,16:42:11,-07:00,2025-10-13T16:42:11-07:00,0,0
style.css,9,css,5cb4db7a,Shaily-28,2025-10-13,16:42:11,-07:00,2025-10-13T16:42:11-07:00,0,47
style.css,10,css,5cb4db7a,Shaily-28,2025-10-13,16:42:11,-07:00,2025-10-13T16:42:11-07:00,0,0
style.css,11,css,5cb4db7a,Shaily-28,2025-10-13,16:42:11,-07:00,2025-10-13T16:42:11-07:00,0,61
style.css,12,css,5cb4db7a,Shaily-28,2025-10-13,16:42:11,-07:00,2025-10-13T16:42:11-07:00,0,0
style.css,13,css,5cb4db7a,Shaily-28,2025-10-13,16:42:11,-07:00,2025-10-13T16:42:11-07:00,0,13
style.css,14,css,5cb4db7a,Shaily-28,2025-10-13,16:42:11,-07:00,2025-10-13T16:42:11-07:00,1,14
style.css,15,css,5cb4db7a,Shaily-28,2025-10-13,16:42:11,-07:00,2025-10-13T16:42:11-07:00,1,10
style.css,16,css,5cb4db7a,Shaily-28,2025-10-13,16:42:11,-07:00,2025-10-13T16:42:11-07:00,1,12
style.css,17,css,5cb4db7a,Shaily-28,2025-10-13,16:42:11,-07:00,2025-10-13T16:42:11-07:00,1,15
style.css,18,css,5cb4db7a,Shaily-28,2025-10-13,16:42:11,-07:00,2025-10-13T16:42:11-07:00,1,20
style.css,19,css,5cb4db7a,Shaily-28,2025-10-13,16:42:11,-07:00,2025-10-13T16:42:11-07:00,1,32
style.css,20,css,5cb4db7a,Shaily-28,2025-10-13,16:42:11,-07:00,2025-10-13T16:42:11-07:00,1,20
style.css,21,css,5cb4db7a,Shaily-28,2025-10-13,16:42:11,-07:00,2025-10-13T16:42:11-07:00,1,19
style.css,22,css,5cb4db7a,Shaily-28,2025-10-13,16:42:11,-07:00,2025-10-13T16:42:11-07:00,0,0
style.css,23,css,5cb4db7a,Shaily-28,2025-10-13,16:42:11,-07:00,2025-10-13T16:42:11-07:00,0,37
style.css,24,css,ebf6e9a8,Shaily-28,2025-10-02,11:27:45,-07:00,2025-10-02T11:27:45-07:00,0,4
style.css,25,css,ebf6e9a8,Shaily-28,2025-10-02,11:27:45,-07:00,2025-10-02T11:27:45-07:00,1,43
style.css,26,css,ebf6e9a8,Shaily-28,2025-10-02,11:27:45,-07:00,2025-10-02T11:27:45-07:00,0,42
style.css,27,css,ebf6e9a8,Shaily-28,2025-10-02,11:27:45,-07:00,2025-10-02T11:27:45-07:00,0,0
style.css,28,css,ebf6e9a8,Shaily-28,2025-10-02,11:27:45,-07:00,2025-10-02T11:27:45-07:00,1,23
style.css,29,css,ebf6e9a8,Shaily-28,2025-10-02,11:27:45,-07:00,2025-10-02T11:27:45-07:00,0,0
style.css,30,css,e18b0472,Shaily-28,2025-10-23,21:35:53,-07:00,2025-10-23T21:35:53-07:00,0,12
style.css,31,css,e18b0472,Shaily-28,2025-10-23,21:35:53,-07:00,2025-10-23T21:35:53-07:00,1,15
style.css,32,css,e18b0472,Shaily-28,2025-10-23,21:35:53,-07:00,2025-10-23T21:35:53-07:00,1,9
style.css,33,css,e18b0472,Shaily-28,2025-10-23,21:35:53,-07:00,2025-10-23T21:35:53-07:00,1,18
style.css,34,css,ebf6e9a8,Shaily-28,2025-10-02,11:27:45,-07:00,2025-10-02T11:27:45-07:00,1,13
style.css,35,css,e18b0472,Shaily-28,2025-10-23,21:35:53,-07:00,2025-10-23T21:35:53-07:00,1,16
style.css,36,css,4ad84521,Shaily-28,2025-10-10,16:40:29,-07:00,2025-10-10T16:40:29-07:00,0,0
style.css,37,css,4ad84521,Shaily-28,2025-10-10,16:40:29,-07:00,2025-10-10T16:40:29-07:00,0,5
style.css,38,css,f303fbfc,Shaily-28,2025-10-10,16:58:51,-07:00,2025-10-10T16:58:51-07:00,1,19
style.css,39,css,f303fbfc,Shaily-28,2025-10-10,16:58:51,-07:00,2025-10-10T16:58:51-07:00,1,45
style.css,40,css,4ad84521,Shaily-28,2025-10-10,16:40:29,-07:00,2025-10-10T16:40:29-07:00,0,0
style.css,41,css,4ad84521,Shaily-28,2025-10-10,16:40:29,-07:00,2025-10-10T16:40:29-07:00,0,4
style.css,42,css,4ad84521,Shaily-28,2025-10-10,16:40:29,-07:00,2025-10-10T16:40:29-07:00,1,28
style.css,43,css,4ad84521,Shaily-28,2025-10-10,16:40:29,-07:00,2025-10-10T16:40:29-07:00,1,18
style.css,44,css,4ad84521,Shaily-28,2025-10-10,16:40:29,-07:00,2025-10-10T16:40:29-07:00,1,12
style.css,45,css,4ad84521,Shaily-28,2025-10-10,16:40:29,-07:00,2025-10-10T16:40:29-07:00,0,0
style.css,46,css,f303fbfc,Shaily-28,2025-10-10,16:58:51,-07:00,2025-10-10T16:58:51-07:00,0,3
style.css,47,css,f303fbfc,Shaily-28,2025-10-10,16:58:51,-07:00,2025-10-10T16:58:51-07:00,1,12
style.css,48,css,f303fbfc,Shaily-28,2025-10-10,16:58:51,-07:00,2025-10-10T16:58:51-07:00,1,28
style.css,49,css,f303fbfc,Shaily-28,2025-10-10,16:58:51,-07:00,2025-10-10T16:58:51-07:00,1,41
style.css,50,css,f303fbfc,Shaily-28,2025-10-10,16:58:51,-07:00,2025-10-10T16:58:51-07:00,1,17
style.css,51,css,f303fbfc,Shaily-28,2025-10-10,16:58:51,-07:00,2025-10-10T16:58:51-07:00,1,20
style.css,52,css,f303fbfc,Shaily-28,2025-10-10,16:58:51,-07:00,2025-10-10T16:58:51-07:00,0,0
style.css,53,css,f303fbfc,Shaily-28,2025-10-10,16:58:51,-07:00,2025-10-10T16:58:51-07:00,0,5
style.css,54,css,f303fbfc,Shaily-28,2025-10-10,16:58:51,-07:00,2025-10-10T16:58:51-07:00,1,6
style.css,55,css,f303fbfc,Shaily-28,2025-10-10,16:58:51,-07:00,2025-10-10T16:58:51-07:00,1,17
style.css,56,css,f303fbfc,Shaily-28,2025-10-10,16:58:51,-07:00,2025-10-10T16:58:51-07:00,1,20
style.css,57,css,f303fbfc,Shaily-28,2025-10-10,16:58:51,-07:00,2025-10-10T16:58:51-07:00,1,13
style.css,58,css,f303fbfc,Shaily-28,2025-10-10,16:58:51,-07:00,2025-10-10T16:58:51-07:00,1,13
style.css,59,css,f303fbfc,Shaily-28,2025-10-10,16:58:51,-07:00,2025-10-10T16:58:51-07:00,0,0
style.css,60,css,f303fbfc,Shaily-28,2025-10-10,16:58:51,-07:00,2025-10-10T16:58:51-07:00,0,4
style.css,61,css,f303fbfc,Shaily-28,2025-10-10,16:58:51,-07:00,2025-10-10T16:58:51-07:00,1,32
style.css,62,css,f303fbfc,Shaily-28,2025-10-10,16:58:51,-07:00,2025-10-10T16:58:51-07:00,0,0
style.css,63,css,f303fbfc,Shaily-28,2025-10-10,16:58:51,-07:00,2025-10-10T16:58:51-07:00,0,12
style.css,64,css,f303fbfc,Shaily-28,2025-10-10,16:58:51,-07:00,2025-10-10T16:58:51-07:00,0,11
style.css,65,css,f303fbfc,Shaily-28,2025-10-10,16:58:51,-07:00,2025-10-10T16:58:51-07:00,1,45
style.css,66,css,f303fbfc,Shaily-28,2025-10-10,16:58:51,-07:00,2025-10-10T16:58:51-07:00,1,20
style.css,67,css,6e248c38,Shaily-28,2025-10-10,17:08:46,-07:00,2025-10-10T17:08:46-07:00,0,0
style.css,68,css,6e248c38,Shaily-28,2025-10-10,17:08:46,-07:00,2025-10-10T17:08:46-07:00,0,36
style.css,69,css,6e248c38,Shaily-28,2025-10-10,17:08:46,-07:00,2025-10-10T17:08:46-07:00,1,12
style.css,70,css,6e248c38,Shaily-28,2025-10-10,17:08:46,-07:00,2025-10-10T17:08:46-07:00,0,0
style.css,71,css,6e248c38,Shaily-28,2025-10-10,17:08:46,-07:00,2025-10-10T17:08:46-07:00,0,9
style.css,72,css,6e248c38,Shaily-28,2025-10-10,17:08:46,-07:00,2025-10-10T17:08:46-07:00,0,9
style.css,73,css,6e248c38,Shaily-28,2025-10-10,17:08:46,-07:00,2025-10-10T17:08:46-07:00,0,12
style.css,74,css,6e248c38,Shaily-28,2025-10-10,17:08:46,-07:00,2025-10-10T17:08:46-07:00,0,11
style.css,75,css,6e248c38,Shaily-28,2025-10-10,17:08:46,-07:00,2025-10-10T17:08:46-07:00,1,13
style.css,76,css,6e248c38,Shaily-28,2025-10-10,17:08:46,-07:00,2025-10-10T17:08:46-07:00,0,0
style.css,77,css,6e248c38,Shaily-28,2025-10-10,17:08:46,-07:00,2025-10-10T17:08:46-07:00,0,9
style.css,78,css,6e248c38,Shaily-28,2025-10-10,17:08:46,-07:00,2025-10-10T17:08:46-07:00,0,13
style.css,79,css,6e248c38,Shaily-28,2025-10-10,17:08:46,-07:00,2025-10-10T17:08:46-07:00,1,10
style.css,80,css,6e248c38,Shaily-28,2025-10-10,17:08:46,-07:00,2025-10-10T17:08:46-07:00,1,21
style.css,81,css,6e248c38,Shaily-28,2025-10-10,17:08:46,-07:00,2025-10-10T17:08:46-07:00,0,0
style.css,82,css,6e248c38,Shaily-28,2025-10-10,17:08:46,-07:00,2025-10-10T17:08:46-07:00,0,10
style.css,83,css,6e248c38,Shaily-28,2025-10-10,17:08:46,-07:00,2025-10-10T17:08:46-07:00,1,18
style.css,84,css,60fdad6e,Shaily-28,2025-10-10,17:16:30,-07:00,2025-10-10T17:16:30-07:00,0,0
style.css,85,css,60fdad6e,Shaily-28,2025-10-10,17:16:30,-07:00,2025-10-10T17:16:30-07:00,0,4
style.css,86,css,60fdad6e,Shaily-28,2025-10-10,17:16:30,-07:00,2025-10-10T17:16:30-07:00,1,12
style.css,87,css,60fdad6e,Shaily-28,2025-10-10,17:16:30,-07:00,2025-10-10T17:16:30-07:00,1,30
style.css,88,css,60fdad6e,Shaily-28,2025-10-10,17:16:30,-07:00,2025-10-10T17:16:30-07:00,1,7
style.css,89,css,60fdad6e,Shaily-28,2025-10-10,17:16:30,-07:00,2025-10-10T17:16:30-07:00,0,0
style.css,90,css,60fdad6e,Shaily-28,2025-10-10,17:16:30,-07:00,2025-10-10T17:16:30-07:00,0,10
style.css,91,css,60fdad6e,Shaily-28,2025-10-10,17:16:30,-07:00,2025-10-10T17:16:30-07:00,1,12
style.css,92,css,60fdad6e,Shaily-28,2025-10-10,17:16:30,-07:00,2025-10-10T17:16:30-07:00,1,29
style.css,93,css,60fdad6e,Shaily-28,2025-10-10,17:16:30,-07:00,2025-10-10T17:16:30-07:00,1,18
style.css,94,css,60fdad6e,Shaily-28,2025-10-10,17:16:30,-07:00,2025-10-10T17:16:30-07:00,0,0
style.css,95,css,60fdad6e,Shaily-28,2025-10-10,17:16:30,-07:00,2025-10-10T17:16:30-07:00,0,17
style.css,96,css,60fdad6e,Shaily-28,2025-10-10,17:16:30,-07:00,2025-10-10T17:16:30-07:00,0,21
style.css,97,css,60fdad6e,Shaily-28,2025-10-10,17:16:30,-07:00,2025-10-10T17:16:30-07:00,1,13
style.css,98,css,60fdad6e,Shaily-28,2025-10-10,17:16:30,-07:00,2025-10-10T17:16:30-07:00,1,10
style.css,99,css,60fdad6e,Shaily-28,2025-10-10,17:16:30,-07:00,2025-10-10T17:16:30-07:00,1,21
style.css,100,css,60fdad6e,Shaily-28,2025-10-10,17:16:30,-07:00,2025-10-10T17:16:30-07:00,0,0
style.css,101,css,f31d7521,Shaily-28,2025-10-10,17:23:06,-07:00,2025-10-10T17:23:06-07:00,0,26
style.css,102,css,f31d7521,Shaily-28,2025-10-10,17:23:06,-07:00,2025-10-10T17:23:06-07:00,1,18
style.css,103,css,f31d7521,Shaily-28,2025-10-10,17:23:06,-07:00,2025-10-10T17:23:06-07:00,1,18
style.css,104,css,f31d7521,Shaily-28,2025-10-10,17:23:06,-07:00,2025-10-10T17:23:06-07:00,0,0
style.css,105,css,f31d7521,Shaily-28,2025-10-10,17:23:06,-07:00,2025-10-10T17:23:06-07:00,0,0
style.css,106,css,0c819c04,Shaily-28,2025-10-10,17:41:48,-07:00,2025-10-10T17:41:48-07:00,0,9
style.css,107,css,0c819c04,Shaily-28,2025-10-10,17:41:48,-07:00,2025-10-10T17:41:48-07:00,1,12
style.css,108,css,0c819c04,Shaily-28,2025-10-10,17:41:48,-07:00,2025-10-10T17:41:48-07:00,1,58
style.css,109,css,0c819c04,Shaily-28,2025-10-10,17:41:48,-07:00,2025-10-10T17:41:48-07:00,1,7
style.css,110,css,0c819c04,Shaily-28,2025-10-10,17:41:48,-07:00,2025-10-10T17:41:48-07:00,1,17
style.css,111,css,0c819c04,Shaily-28,2025-10-10,17:41:48,-07:00,2025-10-10T17:41:48-07:00,0,0
style.css,112,css,0c819c04,Shaily-28,2025-10-10,17:41:48,-07:00,2025-10-10T17:41:48-07:00,0,17
style.css,113,css,0c819c04,Shaily-28,2025-10-10,17:41:48,-07:00,2025-10-10T17:41:48-07:00,0,0
style.css,114,css,0c819c04,Shaily-28,2025-10-10,17:41:48,-07:00,2025-10-10T17:41:48-07:00,1,12
style.css,115,css,0c819c04,Shaily-28,2025-10-10,17:41:48,-07:00,2025-10-10T17:41:48-07:00,1,26
style.css,116,css,0c819c04,Shaily-28,2025-10-10,17:41:48,-07:00,2025-10-10T17:41:48-07:00,1,15
style.css,117,css,0c819c04,Shaily-28,2025-10-10,17:41:48,-07:00,2025-10-10T17:41:48-07:00,1,19
style.css,118,css,0c819c04,Shaily-28,2025-10-10,17:41:48,-07:00,2025-10-10T17:41:48-07:00,1,14
style.css,119,css,0c819c04,Shaily-28,2025-10-10,17:41:48,-07:00,2025-10-10T17:41:48-07:00,1,47
style.css,120,css,0c819c04,Shaily-28,2025-10-10,17:41:48,-07:00,2025-10-10T17:41:48-07:00,1,17
style.css,121,css,0c819c04,Shaily-28,2025-10-10,17:41:48,-07:00,2025-10-10T17:41:48-07:00,0,0
style.css,122,css,0c819c04,Shaily-28,2025-10-10,17:41:48,-07:00,2025-10-10T17:41:48-07:00,0,12
style.css,123,css,0c819c04,Shaily-28,2025-10-10,17:41:48,-07:00,2025-10-10T17:41:48-07:00,1,8
style.css,124,css,0c819c04,Shaily-28,2025-10-10,17:41:48,-07:00,2025-10-10T17:41:48-07:00,0,0
style.css,125,css,0c819c04,Shaily-28,2025-10-10,17:41:48,-07:00,2025-10-10T17:41:48-07:00,0,13
style.css,126,css,0c819c04,Shaily-28,2025-10-10,17:41:48,-07:00,2025-10-10T17:41:48-07:00,1,10
style.css,127,css,0c819c04,Shaily-28,2025-10-10,17:41:48,-07:00,2025-10-10T17:41:48-07:00,1,11
style.css,128,css,0c819c04,Shaily-28,2025-10-10,17:41:48,-07:00,2025-10-10T17:41:48-07:00,1,13
style.css,129,css,0c819c04,Shaily-28,2025-10-10,17:41:48,-07:00,2025-10-10T17:41:48-07:00,1,17
style.css,130,css,8eb77ed3,Shaily-28,2025-10-10,17:46:54,-07:00,2025-10-10T17:46:54-07:00,0,0
style.css,131,css,8ac681aa,Shaily-28,2025-11-01,15:25:11,-07:00,2025-11-01T15:25:11-07:00,0,13
style.css,132,css,8ac681aa,Shaily-28,2025-11-01,15:25:11,-07:00,2025-11-01T15:25:11-07:00,1,12
style.css,133,css,8ac681aa,Shaily-28,2025-11-01,15:25:11,-07:00,2025-11-01T15:25:11-07:00,1,10
style.css,134,css,8ac681aa,Shaily-28,2025-11-01,15:25:11,-07:00,2025-11-01T15:25:11-07:00,0,0
style.css,135,css,8ac681aa,Shaily-28,2025-11-01,15:25:11,-07:00,2025-11-01T15:25:11-07:00,0,13
style.css,136,css,8ac681aa,Shaily-28,2025-11-01,15:25:11,-07:00,2025-11-01T15:25:11-07:00,1,34
style.css,137,css,8ac681aa,Shaily-28,2025-11-01,15:25:11,-07:00,2025-11-01T15:25:11-07:00,1,11
style.css,138,css,8ac681aa,Shaily-28,2025-11-01,15:25:11,-07:00,2025-11-01T15:25:11-07:00,1,20
style.css,139,css,8ac681aa,Shaily-28,2025-11-01,15:25:11,-07:00,2025-11-01T15:25:11-07:00,0,0
style.css,140,css,8ac681aa,Shaily-28,2025-11-01,15:25:11,-07:00,2025-11-01T15:25:11-07:00,0,0
style.css,141,css,8eb77ed3,Shaily-28,2025-10-10,17:46:54,-07:00,2025-10-10T17:46:54-07:00,0,22
style.css,142,css,8eb77ed3,Shaily-28,2025-10-10,17:46:54,-07:00,2025-10-10T17:46:54-07:00,1,15
style.css,143,css,8eb77ed3,Shaily-28,2025-10-10,17:46:54,-07:00,2025-10-10T17:46:54-07:00,1,17
style.css,144,css,8eb77ed3,Shaily-28,2025-10-10,17:46:54,-07:00,2025-10-10T17:46:54-07:00,0,0
style.css,145,css,8eb77ed3,Shaily-28,2025-10-10,17:46:54,-07:00,2025-10-10T17:46:54-07:00,0,2
style.css,146,css,8eb77ed3,Shaily-28,2025-10-10,17:46:54,-07:00,2025-10-10T17:46:54-07:00,1,14
style.css,147,css,8eb77ed3,Shaily-28,2025-10-10,17:46:54,-07:00,2025-10-10T17:46:54-07:00,0,0
style.css,148,css,6631ef16,Shaily-28,2025-10-10,20:16:03,-07:00,2025-10-10T20:16:03-07:00,0,8
style.css,149,css,6631ef16,Shaily-28,2025-10-10,20:16:03,-07:00,2025-10-10T20:16:03-07:00,1,12
style.css,150,css,6631ef16,Shaily-28,2025-10-10,20:16:03,-07:00,2025-10-10T20:16:03-07:00,1,58
style.css,151,css,6631ef16,Shaily-28,2025-10-10,20:16:03,-07:00,2025-10-10T20:16:03-07:00,1,11
style.css,152,css,6631ef16,Shaily-28,2025-10-10,20:16:03,-07:00,2025-10-10T20:16:03-07:00,1,22
style.css,153,css,6631ef16,Shaily-28,2025-10-10,20:16:03,-07:00,2025-10-10T20:16:03-07:00,0,0
style.css,154,css,6631ef16,Shaily-28,2025-10-10,20:16:03,-07:00,2025-10-10T20:16:03-07:00,0,10
style.css,155,css,6631ef16,Shaily-28,2025-10-10,20:16:03,-07:00,2025-10-10T20:16:03-07:00,1,24
style.css,156,css,6631ef16,Shaily-28,2025-10-10,20:16:03,-07:00,2025-10-10T20:16:03-07:00,0,0
style.css,157,css,6631ef16,Shaily-28,2025-10-10,20:16:03,-07:00,2025-10-10T20:16:03-07:00,0,13
style.css,158,css,6631ef16,Shaily-28,2025-10-10,20:16:03,-07:00,2025-10-10T20:16:03-07:00,1,32
style.css,159,css,6631ef16,Shaily-28,2025-10-10,20:16:03,-07:00,2025-10-10T20:16:03-07:00,0,0
style.css,160,css,6631ef16,Shaily-28,2025-10-10,20:16:03,-07:00,2025-10-10T20:16:03-07:00,0,19
style.css,161,css,6631ef16,Shaily-28,2025-10-10,20:16:03,-07:00,2025-10-10T20:16:03-07:00,1,18
style.css,162,css,6631ef16,Shaily-28,2025-10-10,20:16:03,-07:00,2025-10-10T20:16:03-07:00,1,12
style.css,163,css,6631ef16,Shaily-28,2025-10-10,20:16:03,-07:00,2025-10-10T20:16:03-07:00,0,0
style.css,164,css,6631ef16,Shaily-28,2025-10-10,20:16:03,-07:00,2025-10-10T20:16:03-07:00,0,11
style.css,165,css,6631ef16,Shaily-28,2025-10-10,20:16:03,-07:00,2025-10-10T20:16:03-07:00,1,12
style.css,166,css,6631ef16,Shaily-28,2025-10-10,20:16:03,-07:00,2025-10-10T20:16:03-07:00,1,47
style.css,167,css,6631ef16,Shaily-28,2025-10-10,20:16:03,-07:00,2025-10-10T20:16:03-07:00,1,18
style.css,168,css,6631ef16,Shaily-28,2025-10-10,20:16:03,-07:00,2025-10-10T20:16:03-07:00,1,81
style.css,169,css,6631ef16,Shaily-28,2025-10-10,20:16:03,-07:00,2025-10-10T20:16:03-07:00,0,0
style.css,170,css,6631ef16,Shaily-28,2025-10-10,20:16:03,-07:00,2025-10-10T20:16:03-07:00,0,14
style.css,171,css,6631ef16,Shaily-28,2025-10-10,20:16:03,-07:00,2025-10-10T20:16:03-07:00,1,19
style.css,172,css,6631ef16,Shaily-28,2025-10-10,20:16:03,-07:00,2025-10-10T20:16:03-07:00,1,22
style.css,173,css,6631ef16,Shaily-28,2025-10-10,20:16:03,-07:00,2025-10-10T20:16:03-07:00,1,47
style.css,174,css,6631ef16,Shaily-28,2025-10-10,20:16:03,-07:00,2025-10-10T20:16:03-07:00,1,15
style.css,175,css,6631ef16,Shaily-28,2025-10-10,20:16:03,-07:00,2025-10-10T20:16:03-07:00,1,17
style.css,176,css,6631ef16,Shaily-28,2025-10-10,20:16:03,-07:00,2025-10-10T20:16:03-07:00,0,0
style.css,177,css,38e8f8e8,Shaily-28,2025-10-13,15:43:20,-07:00,2025-10-13T15:43:20-07:00,0,13
style.css,178,css,38e8f8e8,Shaily-28,2025-10-13,15:43:20,-07:00,2025-10-13T15:43:20-07:00,1,25
style.css,179,css,38e8f8e8,Shaily-28,2025-10-13,15:43:20,-07:00,2025-10-13T15:43:20-07:00,1,15
style.css,180,css,84187aac,Shaily-28,2025-10-22,23:29:01,-07:00,2025-10-22T23:29:01-07:00,0,0
style.css,181,css,84187aac,Shaily-28,2025-10-22,23:29:01,-07:00,2025-10-22T23:29:01-07:00,0,17
style.css,182,css,84187aac,Shaily-28,2025-10-22,23:29:01,-07:00,2025-10-22T23:29:01-07:00,1,12
style.css,183,css,84187aac,Shaily-28,2025-10-22,23:29:01,-07:00,2025-10-22T23:29:01-07:00,1,36
style.css,184,css,84187aac,Shaily-28,2025-10-22,23:29:01,-07:00,2025-10-22T23:29:01-07:00,1,14
style.css,185,css,84187aac,Shaily-28,2025-10-22,23:29:01,-07:00,2025-10-22T23:29:01-07:00,0,0
style.css,186,css,84187aac,Shaily-28,2025-10-22,23:29:01,-07:00,2025-10-22T23:29:01-07:00,0,50
style.css,187,css,84187aac,Shaily-28,2025-10-22,23:29:01,-07:00,2025-10-22T23:29:01-07:00,0,43
style.css,188,css,d2138457,Shaily-28,2025-11-01,16:22:22,-07:00,2025-11-01T16:22:22-07:00,0,0
style.css,189,css,d2138457,Shaily-28,2025-11-01,16:22:22,-07:00,2025-11-01T16:22:22-07:00,0,18
style.css,190,css,53e345ac,Shaily-28,2025-11-01,16:33:37,-07:00,2025-11-01T16:33:37-07:00,1,14
style.css,191,css,0ab01f58,Shaily-28,2025-11-01,16:52:17,-07:00,2025-11-01T16:52:17-07:00,1,23
style.css,192,css,d2138457,Shaily-28,2025-11-01,16:22:22,-07:00,2025-11-01T16:22:22-07:00,1,16
style.css,193,css,d2138457,Shaily-28,2025-11-01,16:22:22,-07:00,2025-11-01T16:22:22-07:00,0,0
style.css,194,css,017ede74,Shaily-28,2025-11-01,19:26:15,-07:00,2025-11-01T19:26:15-07:00,0,18
style.css,195,css,017ede74,Shaily-28,2025-11-01,19:26:15,-07:00,2025-11-01T19:26:15-07:00,1,14
style.css,196,css,017ede74,Shaily-28,2025-11-01,19:26:15,-07:00,2025-11-01T19:26:15-07:00,1,13
style.css,197,css,017ede74,Shaily-28,2025-11-01,19:26:15,-07:00,2025-11-01T19:26:15-07:00,1,21
style.css,198,css,017ede74,Shaily-28,2025-11-01,19:26:15,-07:00,2025-11-01T19:26:15-07:00,1,16
style.css,199,css,017ede74,Shaily-28,2025-11-01,19:26:15,-07:00,2025-11-01T19:26:15-07:00,0,0
style.css,200,css,b1504d0f,Shaily-28,2025-11-01,19:53:52,-07:00,2025-11-01T19:53:52-07:00,0,7
style.css,201,css,b1504d0f,Shaily-28,2025-11-01,19:53:52,-07:00,2025-11-01T19:53:52-07:00,1,15
style.css,202,css,b1504d0f,Shaily-28,2025-11-01,19:53:52,-07:00,2025-11-01T19:53:52-07:00,1,9
style.css,203,css,b1504d0f,Shaily-28,2025-11-01,19:53:52,-07:00,2025-11-01T19:53:52-07:00,1,16
style.css,204,css,b1504d0f,Shaily-28,2025-11-01,19:53:52,-07:00,2025-11-01T19:53:52-07:00,1,14
style.css,205,css,b1504d0f,Shaily-28,2025-11-01,19:53:52,-07:00,2025-11-01T19:53:52-07:00,0,0
style.css,206,css,b1504d0f,Shaily-28,2025-11-01,19:53:52,-07:00,2025-11-01T19:53:52-07:00,0,0
style.css,207,css,b1504d0f,Shaily-28,2025-11-01,19:53:52,-07:00,2025-11-01T19:53:52-07:00,0,10
style.css,208,css,b1504d0f,Shaily-28,2025-11-01,19:53:52,-07:00,2025-11-01T19:53:52-07:00,1,12
style.css,209,css,b1504d0f,Shaily-28,2025-11-01,19:53:52,-07:00,2025-11-01T19:53:52-07:00,1,18
style.css,210,css,b1504d0f,Shaily-28,2025-11-01,19:53:52,-07:00,2025-11-01T19:53:52-07:00,1,9
style.css,211,css,b1504d0f,Shaily-28,2025-11-01,19:53:52,-07:00,2025-11-01T19:53:52-07:00,1,15
style.css,212,css,b1504d0f,Shaily-28,2025-11-01,19:53:52,-07:00,2025-11-01T19:53:52-07:00,1,16
style.css,213,css,b1504d0f,Shaily-28,2025-11-01,19:53:52,-07:00,2025-11-01T19:53:52-07:00,0,0
style.css,214,css,b1504d0f,Shaily-28,2025-11-01,19:53:52,-07:00,2025-11-01T19:53:52-07:00,0,0
style.css,215,css,b1504d0f,Shaily-28,2025-11-01,19:53:52,-07:00,2025-11-01T19:53:52-07:00,0,15
style.css,216,css,b1504d0f,Shaily-28,2025-11-01,19:53:52,-07:00,2025-11-01T19:53:52-07:00,1,9
style.css,217,css,b1504d0f,Shaily-28,2025-11-01,19:53:52,-07:00,2025-11-01T19:53:52-07:00,1,10
style.css,218,css,b1504d0f,Shaily-28,2025-11-01,19:53:52,-07:00,2025-11-01T19:53:52-07:00,1,17
style.css,219,css,b1504d0f,Shaily-28,2025-11-01,19:53:52,-07:00,2025-11-01T19:53:52-07:00,1,23
style.css,220,css,b1504d0f,Shaily-28,2025-11-01,19:53:52,-07:00,2025-11-01T19:53:52-07:00,0,0
style.css,221,css,61704fbb,Shaily-28,2025-11-02,13:20:24,-08:00,2025-11-02T13:20:24-08:00,0,98
style.css,222,css,61704fbb,Shaily-28,2025-11-02,13:20:24,-08:00,2025-11-02T13:20:24-08:00,0,23
style.css,223,css,61704fbb,Shaily-28,2025-11-02,13:20:24,-08:00,2025-11-02T13:20:24-08:00,0,27
style.css,224,css,61704fbb,Shaily-28,2025-11-02,13:20:24,-08:00,2025-11-02T13:20:24-08:00,0,57
style.css,225,css,61704fbb,Shaily-28,2025-11-02,13:20:24,-08:00,2025-11-02T13:20:24-08:00,0,57
style.css,226,css,da3f6b4e,Shaily-28,2025-11-02,13:38:30,-08:00,2025-11-02T13:38:30-08:00,0,68
style.css,227,css,da3f6b4e,Shaily-28,2025-11-02,13:38:30,-08:00,2025-11-02T13:38:30-08:00,0,0
style.css,228,css,da3f6b4e,Shaily-28,2025-11-02,13:38:30,-08:00,2025-11-02T13:38:30-08:00,0,7
style.css,229,css,da3f6b4e,Shaily-28,2025-11-02,13:38:30,-08:00,2025-11-02T13:38:30-08:00,1,29
style.css,230,css,da3f6b4e,Shaily-28,2025-11-02,13:38:30,-08:00,2025-11-02T13:38:30-08:00,1,37
style.css,231,css,da3f6b4e,Shaily-28,2025-11-02,13:38:30,-08:00,2025-11-02T13:38:30-08:00,1,67
style.css,232,css,da3f6b4e,Shaily-28,2025-11-02,13:38:30,-08:00,2025-11-02T13:38:30-08:00,1,67
style.css,233,css,da3f6b4e,Shaily-28,2025-11-02,13:38:30,-08:00,2025-11-02T13:38:30-08:00,1,60
style.css,234,css,da3f6b4e,Shaily-28,2025-11-02,13:38:30,-08:00,2025-11-02T13:38:30-08:00,0,0
style.css,235,css,da3f6b4e,Shaily-28,2025-11-02,13:38:30,-08:00,2025-11-02T13:38:30-08:00,0,66
style.css,236,css,222f600c,Shaily-28,2025-11-02,14:05:35,-08:00,2025-11-02T14:05:35-08:00,0,50
style.css,237,css,222f600c,Shaily-28,2025-11-02,14:05:35,-08:00,2025-11-02T14:05:35-08:00,0,0
style.css,238,css,222f600c,Shaily-28,2025-11-02,14:05:35,-08:00,2025-11-02T14:05:35-08:00,0,7
style.css,239,css,222f600c,Shaily-28,2025-11-02,14:05:35,-08:00,2025-11-02T14:05:35-08:00,1,12
style.css,240,css,222f600c,Shaily-28,2025-11-02,14:05:35,-08:00,2025-11-02T14:05:35-08:00,1,18
style.css,241,css,222f600c,Shaily-28,2025-11-02,14:05:35,-08:00,2025-11-02T14:05:35-08:00,1,22
style.css,242,css,222f600c,Shaily-28,2025-11-02,14:05:35,-08:00,2025-11-02T14:05:35-08:00,1,10
style.css,243,css,222f600c,Shaily-28,2025-11-02,14:05:35,-08:00,2025-11-02T14:05:35-08:00,1,14
style.css,244,css,222f600c,Shaily-28,2025-11-02,14:05:35,-08:00,2025-11-02T14:05:35-08:00,1,18
style.css,245,css,222f600c,Shaily-28,2025-11-02,14:05:35,-08:00,2025-11-02T14:05:35-08:00,0,0
style.css,246,css,222f600c,Shaily-28,2025-11-02,14:05:35,-08:00,2025-11-02T14:05:35-08:00,0,7
style.css,247,css,222f600c,Shaily-28,2025-11-02,14:05:35,-08:00,2025-11-02T14:05:35-08:00,1,15
style.css,248,css,222f600c,Shaily-28,2025-11-02,14:05:35,-08:00,2025-11-02T14:05:35-08:00,1,9
style.css,249,css,222f600c,Shaily-28,2025-11-02,14:05:35,-08:00,2025-11-02T14:05:35-08:00,1,8
style.css,250,css,79b7c070,Shaily-28,2025-11-02,14:55:04,-08:00,2025-11-02T14:55:04-08:00,0,0
style.css,251,css,79b7c070,Shaily-28,2025-11-02,14:55:04,-08:00,2025-11-02T14:55:04-08:00,0,16
style.css,252,css,79b7c070,Shaily-28,2025-11-02,14:55:04,-08:00,2025-11-02T14:55:04-08:00,1,12
style.css,253,css,79b7c070,Shaily-28,2025-11-02,14:55:04,-08:00,2025-11-02T14:55:04-08:00,1,22
style.css,254,css,daba6e87,Shaily-28,2025-11-02,15:33:49,-08:00,2025-11-02T15:33:49-08:00,1,9
style.css,255,css,79b7c070,Shaily-28,2025-11-02,14:55:04,-08:00,2025-11-02T14:55:04-08:00,1,17
style.css,256,css,79b7c070,Shaily-28,2025-11-02,14:55:04,-08:00,2025-11-02T14:55:04-08:00,0,0
style.css,257,css,79b7c070,Shaily-28,2025-11-02,14:55:04,-08:00,2025-11-02T14:55:04-08:00,0,0
style.css,258,css,79b7c070,Shaily-28,2025-11-02,14:55:04,-08:00,2025-11-02T14:55:04-08:00,0,37
style.css,259,css,79b7c070,Shaily-28,2025-11-02,14:55:04,-08:00,2025-11-02T14:55:04-08:00,1,22
style.css,260,css,79b7c070,Shaily-28,2025-11-02,14:55:04,-08:00,2025-11-02T14:55:04-08:00,1,21
style.css,261,css,79b7c070,Shaily-28,2025-11-02,14:55:04,-08:00,2025-11-02T14:55:04-08:00,1,18
style.css,262,css,79b7c070,Shaily-28,2025-11-02,14:55:04,-08:00,2025-11-02T14:55:04-08:00,1,39
style.css,263,css,79b7c070,Shaily-28,2025-11-02,14:55:04,-08:00,2025-11-02T14:55:04-08:00,1,34
style.css,264,css,79b7c070,Shaily-28,2025-11-02,14:55:04,-08:00,2025-11-02T14:55:04-08:00,1,26
style.css,265,css,79b7c070,Shaily-28,2025-11-02,14:55:04,-08:00,2025-11-02T14:55:04-08:00,1,12
style.css,266,css,79b7c070,Shaily-28,2025-11-02,14:55:04,-08:00,2025-11-02T14:55:04-08:00,0,0
style.css,267,css,79b7c070,Shaily-28,2025-11-02,14:55:04,-08:00,2025-11-02T14:55:04-08:00,0,0
style.css,268,css,daba6e87,Shaily-28,2025-11-02,15:33:49,-08:00,2025-11-02T15:33:49-08:00,0,23
style.css,269,css,daba6e87,Shaily-28,2025-11-02,15:33:49,-08:00,2025-11-02T15:33:49-08:00,1,22
style.css,270,css,daba6e87,Shaily-28,2025-11-02,15:33:49,-08:00,2025-11-02T15:33:49-08:00,1,18
style.css,271,css,daba6e87,Shaily-28,2025-11-02,15:33:49,-08:00,2025-11-02T15:33:49-08:00,1,39
style.css,272,css,daba6e87,Shaily-28,2025-11-02,15:33:49,-08:00,2025-11-02T15:33:49-08:00,1,34
style.css,273,css,daba6e87,Shaily-28,2025-11-02,15:33:49,-08:00,2025-11-02T15:33:49-08:00,1,26
style.css,274,css,daba6e87,Shaily-28,2025-11-02,15:33:49,-08:00,2025-11-02T15:33:49-08:00,1,14
style.css,275,css,daba6e87,Shaily-28,2025-11-02,15:33:49,-08:00,2025-11-02T15:33:49-08:00,0,0
style.css,276,css,daba6e87,Shaily-28,2025-11-02,15:33:49,-08:00,2025-11-02T15:33:49-08:00,0,56
index.js,1,js,17fd15a1,Shaily-28,2025-11-01,15:54:51,-07:00,2025-11-01T15:54:51-07:00,0,71
index.js,2,js,84187aac,Shaily-28,2025-10-22,23:29:01,-07:00,2025-10-22T23:29:01-07:00,0,0
index.js,3,js,84187aac,Shaily-28,2025-10-22,23:29:01,-07:00,2025-10-22T23:29:01-07:00,0,25
index.js,4,js,84187aac,Shaily-28,2025-10-22,23:29:01,-07:00,2025-10-22T23:29:01-07:00,1,0
index.js,5,js,84187aac,Shaily-28,2025-10-22,23:29:01,-07:00,2025-10-22T23:29:01-07:00,1,57
index.js,6,js,84187aac,Shaily-28,2025-10-22,23:29:01,-07:00,2025-10-22T23:29:01-07:00,1,45
index.js,7,js,84187aac,Shaily-28,2025-10-22,23:29:01,-07:00,2025-10-22T23:29:01-07:00,0,0
index.js,8,js,84187aac,Shaily-28,2025-10-22,23:29:01,-07:00,2025-10-22T23:29:01-07:00,1,64
index.js,9,js,84187aac,Shaily-28,2025-10-22,23:29:01,-07:00,2025-10-22T23:29:01-07:00,1,26
index.js,10,js,84187aac,Shaily-28,2025-10-22,23:29:01,-07:00,2025-10-22T23:29:01-07:00,2,58
index.js,11,js,84187aac,Shaily-28,2025-10-22,23:29:01,-07:00,2025-10-22T23:29:01-07:00,1,0
index.js,12,js,84187aac,Shaily-28,2025-10-22,23:29:01,-07:00,2025-10-22T23:29:01-07:00,0,0
index.js,13,js,84187aac,Shaily-28,2025-10-22,23:29:01,-07:00,2025-10-22T23:29:01-07:00,1,60
index.js,14,js,84187aac,Shaily-28,2025-10-22,23:29:01,-07:00,2025-10-22T23:29:01-07:00,1,17
index.js,15,js,84187aac,Shaily-28,2025-10-22,23:29:01,-07:00,2025-10-22T23:29:01-07:00,2,0
index.js,16,js,84187aac,Shaily-28,2025-10-22,23:29:01,-07:00,2025-10-22T23:29:01-07:00,2,52
index.js,17,js,84187aac,Shaily-28,2025-10-22,23:29:01,-07:00,2025-10-22T23:29:01-07:00,2,49
index.js,18,js,84187aac,Shaily-28,2025-10-22,23:29:01,-07:00,2025-10-22T23:29:01-07:00,3,24
index.js,19,js,84187aac,Shaily-28,2025-10-22,23:29:01,-07:00,2025-10-22T23:29:01-07:00,4,21
index.js,20,js,84187aac,Shaily-28,2025-10-22,23:29:01,-07:00,2025-10-22T23:29:01-07:00,4,2
index.js,21,js,84187aac,Shaily-28,2025-10-22,23:29:01,-07:00,2025-10-22T23:29:01-07:00,5,55
index.js,22,js,84187aac,Shaily-28,2025-10-22,23:29:01,-07:00,2025-10-22T23:29:01-07:00,5,55
index.js,23,js,84187aac,Shaily-28,2025-10-22,23:29:01,-07:00,2025-10-22T23:29:01-07:00,5,49
index.js,24,js,84187aac,Shaily-28,2025-10-22,23:29:01,-07:00,2025-10-22T23:29:01-07:00,5,49
index.js,25,js,84187aac,Shaily-28,2025-10-22,23:29:01,-07:00,2025-10-22T23:29:01-07:00,4,3
index.js,26,js,84187aac,Shaily-28,2025-10-22,23:29:01,-07:00,2025-10-22T23:29:01-07:00,3,0
index.js,27,js,84187aac,Shaily-28,2025-10-22,23:29:01,-07:00,2025-10-22T23:29:01-07:00,2,0
index.js,28,js,84187aac,Shaily-28,2025-10-22,23:29:01,-07:00,2025-10-22T23:29:01-07:00,1,0
index.js,29,js,84187aac,Shaily-28,2025-10-22,23:29:01,-07:00,2025-10-22T23:29:01-07:00,0,0
index.js,30,js,84187aac,Shaily-28,2025-10-22,23:29:01,-07:00,2025-10-22T23:29:01-07:00,0,0
index.js,31,js,84187aac,Shaily-28,2025-10-22,23:29:01,-07:00,2025-10-22T23:29:01-07:00,0,9
